{
    "items": [
        {
            "Name": "Camera",
            "TextColor": {
                "r": 0.49803921580314639,
                "g": 0.8392156958580017,
                "b": 0.9882352948188782,
                "a": 1.0
            },
            "FontSize": 11,
            "FontStyle": 1,
            "ImageColor": {
                "r": 0.49803921580314639,
                "g": 0.8392156958580017,
                "b": 0.9882352948188782,
                "a": 1.0
            },
            "ImageType": 0
        },
        {
            "Name": "Environment",
            "TextColor": {
                "r": 0.9882352948188782,
                "g": 0.7490196228027344,
                "b": 0.027450980618596078,
                "a": 1.0
            },
            "FontSize": 11,
            "FontStyle": 1,
            "ImageColor": {
                "r": 0.9882352948188782,
                "g": 0.7490196228027344,
                "b": 0.027450980618596078,
                "a": 1.0
            },
            "ImageType": 0
        },
        {
            "Name": "Player",
            "TextColor": {
                "r": 0.6901960968971252,
                "g": 0.9882352948188782,
                "b": 0.3450980484485626,
                "a": 1.0
            },
            "FontSize": 11,
            "FontStyle": 1,
            "ImageColor": {
                "r": 0.6901960968971252,
                "g": 0.9882352948188782,
                "b": 0.3450980484485626,
                "a": 1.0
            },
            "ImageType": 0
        },
        {
            "Name": "UI",
            "TextColor": {
                "r": 0.7607843279838562,
                "g": 0.7607843279838562,
                "b": 0.7607843279838562,
                "a": 1.0
            },
            "FontSize": 11,
            "FontStyle": 1,
            "ImageColor": {
                "r": 0.760784387588501,
                "g": 0.760784387588501,
                "b": 0.760784387588501,
                "a": 1.0
            },
            "ImageType": 0
        }
    ]
}